,Year,Month,Day,Hour,PM2.5
count,420768.0,420768.0,420768.0,420768.0,420768.0
mean,2014.662559890486,6.522929500342231,15.729637234770705,11.5,79.83971844341775
std,1.1771980439283187,3.4487072798418223,8.800102497799404,6.922194778103466,80.95021696718842
min,2013.0,1.0,1.0,0.0,2.0
25%,2014.0,4.0,8.0,5.75,20.0
50%,2015.0,7.0,16.0,11.5,55.0
75%,2016.0,10.0,23.0,17.25,111.0
max,2017.0,12.0,31.0,23.0,999.0
